{
    "batchName": "",
    "batchTime": 1706785506,
    "boardConf": "nIR-C00M00-00",
    "boardCustom": "",
    "boardName": "DM9095",
    "boardOptions": 0,
    "boardRev": "R3M2E4",
    "cameraData": [
        [
            1,
            {
                "cameraType": 0,
                "distortionCoeff": [
                    45.30170440673828,
                    -54.380767822265625,
                    0.00011432525207055733,
                    -0.0004450431442819536,
                    8.801825523376465,
                    45.440521240234375,
                    -55.45259475708008,
                    10.078926086425781,
                    0.0,
                    0.0,
                    0.0,
                    0.0,
                    0.0,
                    0.0
                ],
                "extrinsics": {
                    "rotationMatrix": [
                        [
                            0.9989404082298279,
                            -0.011925831437110901,
                            0.044450338929891586
                        ],
                        [
                            0.011370965279638767,
                            0.9998545050621033,
                            0.012714853510260582
                        ],
                        [
                            -0.04459550604224205,
                            -0.012195938266813755,
                            0.9989306926727295
                        ]
                    ],
                    "specTranslation": {
                        "x": -7.5,
                        "y": 0.0,
                        "z": 0.0
                    },
                    "toCameraSocket": 2,
                    "translation": {
                        "x": -7.459753513336182,
                        "y": -0.11036670207977295,
                        "z": 0.05255887284874916
                    }
                },
                "height": 480,
                "intrinsicMatrix": [
                    [
                        459.18524169921875,
                        0.0,
                        327.77020263671875
                    ],
                    [
                        0.0,
                        458.9955749511719,
                        233.00393676757813
                    ],
                    [
                        0.0,
                        0.0,
                        1.0
                    ]
                ],
                "lensPosition": 0,
                "specHfovDeg": 72.9000015258789,
                "width": 640
            }
        ],
        [
            2,
            {
                "cameraType": 0,
                "distortionCoeff": [
                    -1.9151222705841064,
                    -0.2700592279434204,
                    0.0013997871428728104,
                    0.0006034536636434495,
                    1.5102728605270386,
                    -1.9328949451446533,
                    -0.22226345539093018,
                    1.4783369302749634,
                    0.0,
                    0.0,
                    0.0,
                    0.0,
                    0.0,
                    0.0
                ],
                "extrinsics": {
                    "rotationMatrix": [
                        [
                            0.9999080300331116,
                            -0.010678809136152267,
                            -0.008363034576177597
                        ],
                        [
                            0.010797960683703423,
                            0.9998389482498169,
                            0.014334200881421566
                        ],
                        [
                            0.008208615705370903,
                            -0.014423185959458351,
                            0.9998623132705688
                        ]
                    ],
                    "specTranslation": {
                        "x": 3.75,
                        "y": 0.0,
                        "z": 0.0
                    },
                    "toCameraSocket": 0,
                    "translation": {
                        "x": 3.759098529815674,
                        "y": 0.10674136132001877,
                        "z": -0.13328023254871368
                    }
                },
                "height": 480,
                "intrinsicMatrix": [
                    [
                        457.3717956542969,
                        0.0,
                        309.44451904296875
                    ],
                    [
                        0.0,
                        457.40008544921875,
                        239.31492614746094
                    ],
                    [
                        0.0,
                        0.0,
                        1.0
                    ]
                ],
                "lensPosition": 0,
                "specHfovDeg": 72.9000015258789,
                "width": 640
            }
        ],
        [
            0,
            {
                "cameraType": 0,
                "distortionCoeff": [
                    -2.4218051433563232,
                    -4.762928009033203,
                    0.0005887009319849312,
                    -0.00026418117340654135,
                    29.19020652770996,
                    -2.526108980178833,
                    -4.306637287139893,
                    28.456966400146484,
                    0.0,
                    0.0,
                    0.0,
                    0.0,
                    0.0,
                    0.0
                ],
                "extrinsics": {
                    "rotationMatrix": [
                        [
                            0.0,
                            0.0,
                            0.0
                        ],
                        [
                            0.0,
                            0.0,
                            0.0
                        ],
                        [
                            0.0,
                            0.0,
                            0.0
                        ]
                    ],
                    "specTranslation": {
                        "x": -0.0,
                        "y": -0.0,
                        "z": -0.0
                    },
                    "toCameraSocket": -1,
                    "translation": {
                        "x": 0.0,
                        "y": 0.0,
                        "z": 0.0
                    }
                },
                "height": 2160,
                "intrinsicMatrix": [
                    [
                        3000.93505859375,
                        0.0,
                        1980.9786376953125
                    ],
                    [
                        0.0,
                        3001.15087890625,
                        1069.4549560546875
                    ],
                    [
                        0.0,
                        0.0,
                        1.0
                    ]
                ],
                "lensPosition": 0,
                "specHfovDeg": 68.7938003540039,
                "width": 3840
            }
        ]
    ],
    "deviceName": "",
    "hardwareConf": "F1-FV00-BC000",
    "housingExtrinsics": {
        "rotationMatrix": [],
        "specTranslation": {
            "x": 0.0,
            "y": 0.0,
            "z": 0.0
        },
        "toCameraSocket": -1,
        "translation": {
            "x": 0.0,
            "y": 0.0,
            "z": 0.0
        }
    },
    "imuExtrinsics": {
        "rotationMatrix": [
            [
                0.0,
                0.0,
                0.0
            ],
            [
                0.0,
                0.0,
                0.0
            ],
            [
                0.0,
                0.0,
                0.0
            ]
        ],
        "specTranslation": {
            "x": 0.0,